First,Last,emailid
Thaddeus,Butler,nostra@arcu.co.uk
Vaughan,Buchanan,sem.Pellentesque@placeratvelitQuisque.co.uk
Myles,Massey,sed@lectussitamet.ca
Cedric,Romero,elit.Etiam@vel.co.uk
Travis,Guzman,nunc@estNunclaoreet.com
Myles,Lang,et.nunc@estMauriseu.edu
Emerson,Vang,amet@hendrerit.co.uk
Tyrone,Reilly,et.magnis@a.com
Jeremy,Le,volutpat.nunc@mi.ca
Marsden,Holder,sapien.cursus@enimcommodo.com
Kirk,Vaughan,lorem@Mauris.net
Hilel,Jordan,odio.tristique.pharetra@sitamet.net
Herrod,Joseph,Aliquam.adipiscing.lobortis@pede.org
Bernard,Pace,sem.molestie@torquentper.ca
David,Reynolds,tellus.non.magna@liberolacus.net
Asher,Mitchell,ante.iaculis.nec@Integermollis.ca
Blake,Puckett,parturient@iaculisaliquet.edu
Kennan,Salinas,sollicitudin.commodo@Suspendisseseddolor.ca
Ethan,Savage,Donec.egestas.Duis@utipsum.ca
Zeus,Jackson,non@Sed.ca
Theodore,Bowen,accumsan.neque.et@Aliquamadipiscinglobortis.co.uk
Laith,Buckner,vel@magna.ca
Ryder,Fuentes,eu.eleifend.nec@Aliquamvulputate.edu
Barclay,Chambers,augue.eu@quisturpis.net
Damian,Lewis,Suspendisse.tristique@purus.net
Ciaran,Gillespie,In.nec@eratnonummy.ca
Kenneth,Osborn,auctor@iaculisodio.co.uk
Hop,Hayes,risus@faucibusMorbi.net
Harding,Reyes,mauris@fringilla.com
Lamar,Spencer,laoreet.libero.et@viverraDonec.com
Rashad,King,est.arcu.ac@natoquepenatibus.org
Brennan,Joseph,accumsan.convallis.ante@justoPraesent.com
Erich,Bell,eros.Nam@lectusante.edu
Kirk,Lee,scelerisque.neque@lacusEtiambibendum.co.uk
Mark,Griffith,Nunc.commodo@dolorsit.net
Austin,Finley,Nullam.suscipit@egestas.net
Lane,Cannon,ante@Suspendisseac.co.uk
Griffith,Freeman,sed@Aliquamornarelibero.net
Ira,Gilbert,pede.Praesent.eu@maurisrhoncus.net
William,Chavez,Donec.est@malesuadavelvenenatis.co.uk
Graiden,Stuart,gravida.Aliquam.tincidunt@Nullatinciduntneque.net
Marshall,Key,lacus@Integertinciduntaliquam.edu
Burke,Morrison,ultricies.ornare.elit@Quisque.net
Yoshio,Gaines,non.justo.Proin@Donecfringilla.org
Giacomo,Conway,sed.facilisis@nonante.com
Lee,Gentry,et.netus@metusvitae.ca
Hyatt,Chen,sit.amet.nulla@ornaretortorat.edu
Jacob,Knowles,nec.euismod.in@arcuacorci.edu
Kevin,Larson,facilisis@arcu.net
Leo,Fields,egestas.Duis.ac@acturpis.org
Abdul,Mejia,nisl.arcu@erat.com
Tarik,Gill,sed@Nullatempor.co.uk
Zahir,Chambers,varius@egetmassaSuspendisse.com
Fulton,Ford,Cum@lectus.co.uk
Kuame,Dorsey,lorem@ultriciesornare.co.uk
Hu,Mercer,turpis.Aliquam.adipiscing@Morbi.net
Giacomo,Hawkins,Donec.tempor.est@SedmolestieSed.ca
Luke,Parsons,Proin@neque.org
Walter,Davis,cursus.et@accumsanneque.co.uk
Robert,Lindsey,nisl@lobortisquama.ca
Macaulay,Roberts,interdum.Nunc@eleifend.ca
Keegan,Bolton,urna.et.arcu@Nullam.org
Ishmael,Mckay,sem.ut.dolor@Nullasemper.org
Grady,Clay,nec.tempus@atpede.ca
Jacob,Duncan,tempor.arcu.Vestibulum@euplacerat.org
Valentine,Pearson,nec.malesuada@Cum.com
Guy,Petersen,tempor.diam.dictum@ridiculus.com
Valentine,Fitzgerald,pharetra.felis.eget@necenim.net
Devin,Owens,diam@sapienCras.co.uk
Aladdin,Livingston,mauris@pedeblandit.net
Kane,Reynolds,ipsum@vitae.org
Randall,Lamb,eu.neque.pellentesque@ornareegestasligula.co.uk
Damon,Santos,Donec.feugiat@magna.edu
Eagan,Schmidt,Sed.molestie@ante.edu
Wylie,Gillespie,eget@mattissemper.ca
Alvin,Torres,libero.Morbi@orci.ca
John,Horton,rutrum@nunc.ca
Gray,Hewitt,vulputate@lobortisultricesVivamus.com
Devin,Patterson,orci.consectetuer.euismod@dictumsapienAenean.net
Paul,Ray,ut.mi@vestibulummassa.org
Blaze,Craft,dolor.egestas.rhoncus@Maecenas.org
Jonas,Fletcher,Etiam.bibendum@aliquet.org
Ryan,Noble,est.ac@sed.com
Talon,Collins,elit.pellentesque.a@feugiat.org
Abel,Randolph,feugiat@eumetusIn.co.uk
Lewis,Heath,risus.Donec.egestas@tristiqueaceleifend.org
Arden,Melton,quam.dignissim@aliquetlobortisnisi.edu
Forrest,Vasquez,Phasellus.in@etliberoProin.edu
Declan,Harris,euismod.est@rutrumnonhendrerit.ca
Burton,Knox,ac@neque.com
Murphy,Bell,aliquet.diam.Sed@rhoncus.net
Kasimir,Ball,auctor.velit@sit.co.uk
Felix,Zamora,Proin.ultrices.Duis@Proindolor.com
Dean,Franco,dolor.Fusce.feugiat@egestasAliquamnec.com
Garrison,Cleveland,a.auctor@adipiscingligula.ca
Blake,Cervantes,dolor@Duisgravida.ca
Ferris,Taylor,Proin.dolor.Nulla@Integertinciduntaliquam.org
Ferris,Spence,Sed.molestie.Sed@insodales.edu
Moses,Wilkinson,in.cursus.et@felisullamcorper.ca
Myles,Bird,porta@sed.co.uk